,MAE,RMSE,MAPE%,QLIKE,DA%,N
"GARCH(1,1)",0.09637027867471427,0.12615755527736125,30.010717441060237,3.0121344902168987,54.46428571428571,113.0
LSTM,0.028087617777952014,0.03231667281590205,11.133599679281799,3.6192864044202606,41.46341463414634,83.0
