,MAE,RMSE,MAPE%,QLIKE,DA%,N
"GARCH(1,1)",0.09637027867471427,0.12615755527736125,30.010717441060237,3.0121344902168987,54.46428571428571,113.0
LSTM,0.02669869696849094,0.030550605936478167,10.52708043537111,3.628539003602992,41.46341463414634,83.0
